,alpha,beta,gamma,tau,scf_bs,nn_scf_bs
0,4,0.2,8,0.2,0.879404607,1.3992871
1,13,0.2,8,0.2,0.879443392,1.3039674
2,22,0.2,8,0.2,0.879430786,1.2625568
3,31,0.2,8,0.2,0.879700821,1.2065965
4,40,0.2,8,0.2,0.879370637,1.1343869
5,4,0.3,8,0.2,1.99296517,1.860882
6,13,0.3,8,0.2,2.014567805,1.8167975
7,22,0.3,8,0.2,2.014430207,1.7989249
8,31,0.3,8,0.2,2.014341005,1.7635683
9,40,0.3,8,0.2,2.014571371,1.7080328
10,4,0.4,8,0.2,1.767669876,1.9308826
11,13,0.4,8,0.2,1.794741682,1.9610006
12,22,0.4,8,0.2,1.794595717,1.9651948
13,31,0.4,8,0.2,1.794507994,1.9488584
14,40,0.4,8,0.2,1.794455037,1.9115072
15,4,0.5,8,0.2,1.809579207,1.8826224
16,13,0.5,8,0.2,1.821270923,1.9725825
17,22,0.5,8,0.2,1.820908362,1.9911371
18,31,0.5,8,0.2,1.820787469,1.9864614
19,40,0.5,8,0.2,1.820693423,1.9601163
20,4,0.6,8,0.2,1.833876035,1.8237201
21,13,0.6,8,0.2,1.847874656,1.9490364
22,22,0.6,8,0.2,1.847038888,1.9757022
23,31,0.6,8,0.2,1.84676305,1.9784503
24,40,0.6,8,0.2,1.846593219,1.9594808
25,4,0.7,8,0.2,1.792221864,1.7730371
26,13,0.7,8,0.2,1.825571676,1.9141457
27,22,0.7,8,0.2,1.824624908,1.944595
28,31,0.7,8,0.2,1.823933587,1.952324
29,40,0.7,8,0.2,1.823679067,1.9389853
30,4,0.2,20,0.2,3.915690171,3.0020232
31,13,0.2,20,0.2,3.94284984,2.966345
32,22,0.2,20,0.2,3.942842174,2.916834
33,31,0.2,20,0.2,2.536535644,2.8525887
34,40,0.2,20,0.2,2.536133552,2.7753966
35,4,0.3,20,0.2,2.861187519,3.2166462
36,13,0.3,20,0.2,2.92611521,3.3597033
37,22,0.3,20,0.2,2.926084329,3.3493986
38,31,0.3,20,0.2,2.926037121,3.3176038
39,40,0.3,20,0.2,2.925825777,3.277847
40,4,0.4,20,0.2,3.196751327,3.2354817
41,13,0.4,20,0.2,3.362628788,3.5846393
42,22,0.4,20,0.2,3.362436256,3.6047044
43,31,0.4,20,0.2,3.362417378,3.5861208
44,40,0.4,20,0.2,3.362233019,3.5590658
45,4,0.5,20,0.2,3.199908497,3.1596706
46,13,0.5,20,0.2,3.58247,3.6850035
47,22,0.5,20,0.2,3.582624355,3.7290459
48,31,0.5,20,0.2,3.582001288,3.7172294
49,40,0.5,20,0.2,3.582289976,3.694178
50,4,0.6,20,0.2,3.097695996,3.0077145
51,13,0.6,20,0.2,3.777415641,3.6658351
52,22,0.6,20,0.2,3.769969334,3.729023
53,31,0.6,20,0.2,3.769654682,3.7238193
54,40,0.6,20,0.2,3.769796054,3.7039573
55,4,0.7,20,0.2,2.751615413,2.8234332
56,13,0.7,20,0.2,3.622405452,3.5557523
57,22,0.7,20,0.2,3.623473203,3.6334183
58,31,0.7,20,0.2,3.62275847,3.6361465
59,40,0.7,20,0.2,3.622463361,3.6209483
60,4,0.2,32,0.2,3.666371338,3.7593803
61,13,0.2,32,0.2,3.736690697,3.8377337
62,22,0.2,32,0.2,3.737117645,3.7974386
63,31,0.2,32,0.2,3.737095445,3.7489161
64,40,0.2,32,0.2,3.736610812,3.7036722
65,4,0.3,32,0.2,4.502559534,4.1871567
66,13,0.3,32,0.2,4.745364055,4.556235
67,22,0.3,32,0.2,4.746246682,4.5533733
68,31,0.3,32,0.2,4.746654875,4.527212
69,40,0.3,32,0.2,4.745466031,4.5129037
70,4,0.4,32,0.2,4.388578622,4.2696605
71,13,0.4,32,0.2,5.082004547,5.026513
72,22,0.4,32,0.2,5.083173681,5.05424
73,31,0.4,32,0.2,5.083152634,5.0282474
74,40,0.4,32,0.2,5.082928172,5.013977
75,4,0.5,32,0.2,3.891866069,3.9799616
76,13,0.5,32,0.2,5.193652673,5.191299
77,22,0.5,32,0.2,5.195452821,5.248453
78,31,0.5,32,0.2,5.195290392,5.2170963
79,40,0.5,32,0.2,5.195023487,5.192044
80,4,0.6,32,0.2,3.561149178,3.4967027
81,13,0.6,32,0.2,5.302148715,5.112331
82,22,0.6,32,0.2,5.307512871,5.1987047
83,31,0.6,32,0.2,5.307431396,5.165986
84,40,0.6,32,0.2,5.30725891,5.132036
85,4,0.7,32,0.2,3.173516853,3.0376098
86,13,0.7,32,0.2,4.995736576,4.893452
87,22,0.7,32,0.2,5.002542681,5.0062695
88,31,0.7,32,0.2,5.001815556,4.978835
89,40,0.7,32,0.2,5.001566921,4.9426136
90,4,0.2,8,0.4,0.678782263,0.763804
91,13,0.2,8,0.4,0.678823373,0.71035236
92,22,0.2,8,0.4,0.678927257,0.69610465
93,31,0.2,8,0.4,0.678823938,0.6749318
94,40,0.2,8,0.4,0.678609408,0.64493597
95,4,0.3,8,0.4,1.245730107,1.3780015
96,13,0.3,8,0.4,1.250117613,1.3338962
97,22,0.3,8,0.4,1.250095669,1.3337302
98,31,0.3,8,0.4,1.250156935,1.3221376
99,40,0.3,8,0.4,1.250110356,1.2955189
100,4,0.4,8,0.4,1.554572351,1.7673784
101,13,0.4,8,0.4,1.568264582,1.754493
102,22,0.4,8,0.4,1.568148128,1.7654923
103,31,0.4,8,0.4,1.568132736,1.7635901
104,40,0.4,8,0.4,1.568049462,1.7457819
105,4,0.5,8,0.4,1.908374304,2.0090413
106,13,0.5,8,0.4,1.928915813,2.024391
107,22,0.5,8,0.4,1.928680441,2.038643
108,31,0.5,8,0.4,1.928601335,2.0393188
109,40,0.5,8,0.4,1.928882256,2.0246997
110,4,0.6,8,0.4,2.061919915,2.1681428
111,13,0.6,8,0.4,2.085081209,2.2031848
112,22,0.6,8,0.4,2.084853896,2.2175937
113,31,0.6,8,0.4,2.084837649,2.2182178
114,40,0.6,8,0.4,2.084729057,2.204241
115,4,0.7,8,0.4,2.161969189,2.259845
116,13,0.7,8,0.4,2.191492732,2.3062806
117,22,0.7,8,0.4,2.189020718,2.319982
118,31,0.7,8,0.4,2.190202808,2.3202274
119,40,0.7,8,0.4,2.188394151,2.3064055
120,4,0.2,20,0.4,2.293741532,2.7567089
121,13,0.2,20,0.4,2.31771781,2.701894
122,22,0.2,20,0.4,2.317707972,2.6563256
123,31,0.2,20,0.4,2.317657135,2.602888
124,40,0.2,20,0.4,2.317818641,2.5420039
125,4,0.3,20,0.4,3.553915607,3.6325955
126,13,0.3,20,0.4,3.659575847,3.7284799
127,22,0.3,20,0.4,3.659755753,3.7169154
128,31,0.3,20,0.4,3.659701517,3.6974335
129,40,0.3,20,0.4,3.659731171,3.680585
130,4,0.4,20,0.4,4.368520944,4.3399625
131,13,0.4,20,0.4,4.604853836,4.605723
132,22,0.4,20,0.4,4.604845001,4.609192
133,31,0.4,20,0.4,4.604760808,4.5984616
134,40,0.4,20,0.4,4.604610971,4.5981255
135,4,0.5,20,0.4,4.91433384,4.7914004
136,13,0.5,20,0.4,5.386575469,5.233797
137,22,0.5,20,0.4,5.386145809,5.2460938
138,31,0.5,20,0.4,5.385921849,5.233824
139,40,0.5,20,0.4,5.385845158,5.2346206
140,4,0.6,20,0.4,5.132250423,4.9171786
141,13,0.6,20,0.4,5.805591192,5.5190287
142,22,0.6,20,0.4,5.803920943,5.5436006
143,31,0.6,20,0.4,5.80351926,5.5320587
144,40,0.6,20,0.4,5.806269705,5.531374
145,4,0.7,20,0.4,4.836360907,4.796511
146,13,0.7,20,0.4,5.636953489,5.490637
147,22,0.7,20,0.4,5.635641633,5.529707
148,31,0.7,20,0.4,5.634828317,5.5232415
149,40,0.7,20,0.4,5.634478926,5.5223246
150,4,0.2,32,0.4,4.257308936,4.2295265
151,13,0.2,32,0.4,4.354205416,4.337212
152,22,0.2,32,0.4,4.354524601,4.296306
153,31,0.2,32,0.4,4.354526578,4.2582498
154,40,0.2,32,0.4,4.354072662,4.2395525
155,4,0.3,32,0.4,5.831236276,5.731384
156,13,0.3,32,0.4,6.187984545,6.1737847
157,22,0.3,32,0.4,6.188675004,6.16927
158,31,0.3,32,0.4,6.188608528,6.1623716
159,40,0.3,32,0.4,6.188644868,6.1982265
160,4,0.4,32,0.4,6.930384019,6.7212405
161,13,0.4,32,0.4,7.787116489,7.664604
162,22,0.4,32,0.4,7.789916641,7.6772413
163,31,0.4,32,0.4,7.789544668,7.6657057
164,40,0.4,32,0.4,7.878637882,7.7097607
165,4,0.5,32,0.4,7.198823964,6.92931
166,13,0.5,32,0.4,8.779279166,8.508399
167,22,0.5,32,0.4,8.733306205,8.540089
168,31,0.5,32,0.4,8.733151697,8.514566
169,40,0.5,32,0.4,8.782261668,8.545405
170,4,0.6,32,0.4,6.871133631,6.6215878
171,13,0.6,32,0.4,9.048710309,8.74636
172,22,0.6,32,0.4,9.051857438,8.803799
173,31,0.6,32,0.4,9.051479454,8.771317
174,40,0.6,32,0.4,9.052245594,8.787922
175,4,0.7,32,0.4,6.201439272,6.1301446
176,13,0.7,32,0.4,8.687409291,8.557012
177,22,0.7,32,0.4,8.691117686,8.639295
178,31,0.7,32,0.4,8.689346171,8.60764
179,40,0.7,32,0.4,8.689640329,8.613743
180,4,0.2,8,0.6,0.925134986,0.37887186
181,13,0.2,8,0.6,0.409722023,0.3604216
182,22,0.2,8,0.6,0.409752513,0.35980847
183,31,0.2,8,0.6,0.409723406,0.35575902
184,40,0.2,8,0.6,0.40972987,0.3471465
185,4,0.3,8,0.6,0.729745772,0.89703965
186,13,0.3,8,0.6,0.732765033,0.8795087
187,22,0.3,8,0.6,0.732596782,0.8913633
188,31,0.3,8,0.6,0.73261909,0.8955169
189,40,0.3,8,0.6,0.732534625,0.88921833
190,4,0.4,8,0.6,1.390548101,1.4313407
191,13,0.4,8,0.6,1.403801968,1.430584
192,22,0.4,8,0.6,1.403980368,1.4499273
193,31,0.4,8,0.6,1.403930925,1.4597257
194,40,0.4,8,0.6,1.403747845,1.4572891
195,4,0.5,8,0.6,1.878748768,1.8667836
196,13,0.5,8,0.6,1.87997072,1.8852756
197,22,0.5,8,0.6,1.88012446,1.901596
198,31,0.5,8,0.6,1.921349123,1.9080982
199,40,0.5,8,0.6,1.921627423,1.9034374
200,4,0.6,8,0.6,2.174662787,2.1980577
201,13,0.6,8,0.6,2.206679505,2.233241
202,22,0.6,8,0.6,2.20608329,2.2438915
203,31,0.6,8,0.6,2.205989314,2.2447329
204,40,0.6,8,0.6,2.206439697,2.2359476
205,4,0.7,8,0.6,2.325469683,2.4273076
206,13,0.7,8,0.6,2.360916076,2.4748821
207,22,0.7,8,0.6,2.361532293,2.4813824
208,31,0.7,8,0.6,2.360453353,2.4780004
209,40,0.7,8,0.6,2.361059664,2.4660475
210,4,0.2,20,0.6,2.189349488,2.2784634
211,13,0.2,20,0.6,2.217660938,2.2385993
212,22,0.2,20,0.6,2.217645729,2.2100506
213,31,0.2,20,0.6,2.217072521,2.1748662
214,40,0.2,20,0.6,2.217395909,2.1333807
215,4,0.3,20,0.6,3.566269304,3.6004956
216,13,0.3,20,0.6,3.684001377,3.703059
217,22,0.3,20,0.6,3.684003147,3.6954947
218,31,0.3,20,0.6,3.683961629,3.6832612
219,40,0.3,20,0.6,3.684011036,3.6770773
220,4,0.4,20,0.6,4.774818374,4.723368
221,13,0.4,20,0.6,5.06018108,5.0095673
222,22,0.4,20,0.6,5.059576128,5.0064473
223,31,0.4,20,0.6,5.060131092,4.996279
224,40,0.4,20,0.6,5.059472467,5.0057325
225,4,0.5,20,0.6,5.6062912,5.516666
226,13,0.5,20,0.6,5.978885437,6.0154624
227,22,0.5,20,0.6,5.978867562,6.0143466
228,31,0.5,20,0.6,5.978574451,5.9969025
229,40,0.5,20,0.6,5.97873348,6.006284
230,4,0.6,20,0.6,5.916585636,5.893579
231,13,0.6,20,0.6,6.619327662,6.597794
232,22,0.6,20,0.6,6.618458802,6.609792
233,31,0.6,20,0.6,6.618117648,6.5916452
234,40,0.6,20,0.6,6.617915648,6.6002393
235,4,0.7,20,0.6,5.991711753,5.933105
236,13,0.7,20,0.6,6.778708223,6.767006
237,22,0.7,20,0.6,6.777545239,6.8019767
238,31,0.7,20,0.6,6.776726311,6.7929587
239,40,0.7,20,0.6,6.775995377,6.805228
240,4,0.2,32,0.6,4.084351351,4.201311
241,13,0.2,32,0.6,4.185971884,4.3234835
242,22,0.2,32,0.6,4.186205158,4.2806625
243,31,0.2,32,0.6,4.189104304,4.243318
244,40,0.2,32,0.6,4.186112031,4.230161
245,4,0.3,32,0.6,6.649389214,6.3123493
246,13,0.3,32,0.6,7.097321753,6.8121295
247,22,0.3,32,0.6,7.097678615,6.7945905
248,31,0.3,32,0.6,7.095529031,6.7789297
249,40,0.3,32,0.6,7.095545091,6.8185825
250,4,0.4,32,0.6,7.901794882,7.8210883
251,13,0.4,32,0.6,8.914059415,8.903638
252,22,0.4,32,0.6,8.916161309,8.894681
253,31,0.4,32,0.6,8.915568063,8.866272
254,40,0.4,32,0.6,8.91621078,8.914279
255,4,0.5,32,0.6,8.67008099,8.432834
256,13,0.5,32,0.6,10.45702087,10.231372
257,22,0.5,32,0.6,10.46007432,10.238511
258,31,0.5,32,0.6,10.45916634,10.192054
259,40,0.5,32,0.6,10.45914706,10.2286005
260,4,0.6,32,0.6,8.625496289,8.456111
261,13,0.6,32,0.6,11.06165699,10.843194
262,22,0.6,32,0.6,11.06813083,10.882645
263,31,0.6,32,0.6,11.06749756,10.834238
264,40,0.6,32,0.6,11.06669634,10.864653
265,4,0.7,32,0.6,8.422854096,8.20066
266,13,0.7,32,0.6,11.20401224,10.9186535
267,22,0.7,32,0.6,11.20547099,11.000943
268,31,0.7,32,0.6,11.20450146,10.967766
269,40,0.7,32,0.6,11.20646871,11.002197
270,4,0.2,8,0.8,0.005479905,0.20361103
271,13,0.2,8,0.8,0.005481495,0.19941813
272,22,0.2,8,0.8,0.005482583,0.20127818
273,31,0.2,8,0.8,0.005482658,0.20164031
274,40,0.2,8,0.8,0.00548253,0.20001598
275,4,0.3,8,0.8,0.619767129,0.555668
276,13,0.3,8,0.8,0.621597065,0.55548894
277,22,0.3,8,0.8,0.621555897,0.56887084
278,31,0.3,8,0.8,0.621575871,0.57792944
279,40,0.3,8,0.8,0.62155804,0.581007
280,4,0.4,8,0.8,0.884133063,1.0755059
281,13,0.4,8,0.8,0.890478593,1.0876435
282,22,0.4,8,0.8,0.89063589,1.1110191
283,31,0.4,8,0.8,0.890591996,1.1279263
284,40,0.4,8,0.8,0.89059178,1.13623
285,4,0.5,8,0.8,1.572416526,1.6034043
286,13,0.5,8,0.8,1.591682953,1.6281433
287,22,0.5,8,0.8,1.591873863,1.648334
288,31,0.5,8,0.8,1.592093868,1.6614767
289,40,0.5,8,0.8,1.468613406,1.6662673
290,4,0.6,8,0.8,1.990392305,2.050169
291,13,0.6,8,0.8,2.021552564,2.0858717
292,22,0.6,8,0.8,2.021902785,2.096699
293,31,0.6,8,0.8,2.021905387,2.1006558
294,40,0.6,8,0.8,2.02262302,2.097796
295,4,0.7,8,0.8,2.258884433,2.3880324
296,13,0.7,8,0.8,2.29748334,2.4323072
297,22,0.7,8,0.8,2.296650785,2.4341235
298,31,0.7,8,0.8,2.296063044,2.4292333
299,40,0.7,8,0.8,2.295194891,2.4189677
300,4,0.2,20,0.8,1.738981855,1.751853
301,13,0.2,20,0.8,1.763186147,1.739452
302,22,0.2,20,0.8,1.763325468,1.7305511
303,31,0.2,20,0.8,1.763324407,1.7146672
304,40,0.2,20,0.8,1.321496542,1.6926309
305,4,0.3,20,0.8,3.3576778,3.2960172
306,13,0.3,20,0.8,3.481164396,3.3977482
307,22,0.3,20,0.8,3.481329453,3.4004087
308,31,0.3,20,0.8,3.481275144,3.3982792
309,40,0.3,20,0.8,3.481340697,3.401082
310,4,0.4,20,0.8,4.631286008,4.650509
311,13,0.4,20,0.8,4.934823553,4.929991
312,22,0.4,20,0.8,4.93504834,4.9292126
313,31,0.4,20,0.8,4.935094989,4.924191
314,40,0.4,20,0.8,4.935369776,4.9404383
315,4,0.5,20,0.8,5.698690044,5.6249332
316,13,0.5,20,0.8,6.242280374,6.1333785
317,22,0.5,20,0.8,6.24249461,6.1271133
318,31,0.5,20,0.8,6.242557838,6.1090083
319,40,0.5,20,0.8,6.242223956,6.122343
320,4,0.6,20,0.8,6.287934007,6.151334
321,13,0.6,20,0.8,7.045219467,6.8942
322,22,0.6,20,0.8,7.045486622,6.8944774
323,31,0.6,20,0.8,7.045851085,6.8692484
324,40,0.6,20,0.8,7.045370521,6.87772
325,4,0.7,20,0.8,6.264345006,6.330062
326,13,0.7,20,0.8,7.056037029,7.228892
327,22,0.7,20,0.8,7.055321624,7.247328
328,31,0.7,20,0.8,7.054896667,7.2253637
329,40,0.7,20,0.8,7.053422234,7.2331734
330,4,0.2,32,0.8,3.854245614,3.8494892
331,13,0.2,32,0.8,3.962114592,3.9728851
332,22,0.2,32,0.8,3.962350666,3.939415
333,31,0.2,32,0.8,3.963228174,3.9096603
334,40,0.2,32,0.8,3.961936602,3.902137
335,4,0.3,32,0.8,6.341401579,6.215666
336,13,0.3,32,0.8,6.797775259,6.7141805
337,22,0.3,32,0.8,6.79881036,6.7004085
338,31,0.3,32,0.8,6.798681748,6.6875424
339,40,0.3,32,0.8,6.798058133,6.7298346
340,4,0.4,32,0.8,8.172618389,7.914622
341,13,0.4,32,0.8,9.285938612,9.027948
342,22,0.4,32,0.8,9.288636515,9.019796
343,31,0.4,32,0.8,9.288528541,8.992571
344,40,0.4,32,0.8,9.288232714,9.045382
345,4,0.5,32,0.8,8.705944065,8.677728
346,13,0.5,32,0.8,10.55974959,10.544229
347,22,0.5,32,0.8,10.56408797,10.542738
348,31,0.5,32,0.8,10.56365883,10.49209
349,40,0.5,32,0.8,10.5640163,10.532522
350,4,0.6,32,0.8,9.059035999,8.882362
351,13,0.6,32,0.8,11.64455083,11.350282
352,22,0.6,32,0.8,11.64946249,11.369288
353,31,0.6,32,0.8,11.64898214,11.310667
354,40,0.6,32,0.8,11.64812152,11.343229
355,4,0.7,32,0.8,9.33865544,8.857491
356,13,0.7,32,0.8,12.29914608,11.663704
357,22,0.7,32,0.8,12.30367226,11.71765
358,31,0.7,32,0.8,12.3036729,11.669165
359,40,0.7,32,0.8,12.30189525,11.703618
360,4,0.2,8,1,0.005198174,0.12931308
361,13,0.2,8,1,0.005202603,0.12924783
362,22,0.2,8,1,0.005202148,0.1302102
363,31,0.2,8,1,0.005232558,0.13069575
364,40,0.2,8,1,0.005202261,0.13054919
365,4,0.3,8,1,0.419648626,0.34958404
366,13,0.3,8,1,0.420888468,0.35547802
367,22,0.3,8,1,0.420860651,0.36444658
368,31,0.3,8,1,0.420857917,0.37158215
369,40,0.3,8,1,0.420880186,0.37615266
370,4,0.4,8,1,0.740620731,0.7665212
371,13,0.4,8,1,0.746226051,0.78581744
372,22,0.4,8,1,0.7463628,0.80680066
373,31,0.4,8,1,0.746337129,0.8242374
374,40,0.4,8,1,0.746314845,0.8368657
375,4,0.5,8,1,1.084316704,1.2894186
376,13,0.5,8,1,1.097603078,1.3210828
377,22,0.5,8,1,1.097809966,1.3441151
378,31,0.5,8,1,1.09800516,1.3623515
379,40,0.5,8,1,0.977722452,1.3749193
380,4,0.6,8,1,1.750836952,1.7922841
381,13,0.6,8,1,1.780444174,1.8325974
382,22,0.6,8,1,1.781000907,1.8481457
383,31,0.6,8,1,1.781398336,1.8585095
384,40,0.6,8,1,1.781521479,1.8638444
385,4,0.7,8,1,2.152441219,2.206319
386,13,0.7,8,1,2.193690436,2.2521207
387,22,0.7,8,1,2.194435694,2.257195
388,31,0.7,8,1,2.194915266,2.2571194
389,40,0.7,8,1,2.195259396,2.2531652
390,4,0.2,20,1,1.137745062,1.2833047
391,13,0.2,20,1,1.151896362,1.2938728
392,22,0.2,20,1,1.151974804,1.2975271
393,31,0.2,20,1,1.151552661,1.2950894
394,40,0.2,20,1,1.151940994,1.2877393
395,4,0.3,20,1,2.897758872,2.8312807
396,13,0.3,20,1,3.007321107,2.9306827
397,22,0.3,20,1,3.007437865,2.946906
398,31,0.3,20,1,3.007540315,2.9566588
399,40,0.3,20,1,3.007553958,2.9683535
400,4,0.4,20,1,4.211512918,4.3108916
401,13,0.4,20,1,4.486356088,4.5707707
402,22,0.4,20,1,4.486737578,4.5815525
403,31,0.4,20,1,4.48683342,4.587131
404,40,0.4,20,1,4.486770527,4.6108136
405,4,0.5,20,1,5.306126223,5.397959
406,13,0.5,20,1,5.843248407,5.8868775
407,22,0.5,20,1,5.843575257,5.887007
408,31,0.5,20,1,5.844108788,5.8759537
409,40,0.5,20,1,5.844120334,5.8950047
410,4,0.6,20,1,6.114680568,6.0171432
411,13,0.6,20,1,6.90319637,6.7581463
412,22,0.6,20,1,6.904205461,6.7578654
413,31,0.6,20,1,6.904902718,6.7343407
414,40,0.6,20,1,6.904428907,6.745563
415,4,0.7,20,1,6.498360253,6.2841434
416,13,0.7,20,1,7.333633616,7.203863
417,22,0.7,20,1,7.334610221,7.2147474
418,31,0.7,20,1,7.334669533,7.188644
419,40,0.7,20,1,7.335120066,7.195577
420,4,0.2,32,1,3.378393638,3.3392942
421,13,0.2,32,1,3.48175102,3.4577541
422,22,0.2,32,1,3.481989686,3.4381592
423,31,0.2,32,1,3.486214211,3.4187727
424,40,0.2,32,1,3.481637024,3.4168787
425,4,0.3,32,1,5.712549255,5.7351117
426,13,0.3,32,1,6.163698548,6.1965437
427,22,0.3,32,1,6.164635149,6.1969337
428,31,0.3,32,1,6.164552498,6.1951156
429,40,0.3,32,1,6.164545925,6.2419357
430,4,0.4,32,1,7.588759815,7.4563217
431,13,0.4,32,1,8.668561981,8.521151
432,22,0.4,32,1,8.670918845,8.5282135
433,31,0.4,32,1,8.671851783,8.51793
434,40,0.4,32,1,8.670784923,8.583588
435,4,0.5,32,1,8.665313785,8.216353
436,13,0.5,32,1,10.61725893,10.042253
437,22,0.5,32,1,10.62176879,10.045519
438,31,0.5,32,1,10.6216668,10.013267
439,40,0.5,32,1,10.62178725,10.0731535
440,4,0.6,32,1,8.444329307,8.433428
441,13,0.6,32,1,10.95284352,10.865998
442,22,0.6,32,1,10.95796114,10.875851
443,31,0.6,32,1,10.95555191,10.835661
444,40,0.6,32,1,10.94621814,10.893036
445,4,0.7,32,1,8.771518941,8.487407
446,13,0.7,32,1,11.54601904,11.262982
447,22,0.7,32,1,11.55088521,11.297098
448,31,0.7,32,1,11.5497814,11.265305
449,40,0.7,32,1,11.57079488,11.326841
450,8,0.31,29,0.23,4.563523657,4.450236
451,34,0.56,11,0.26,2.563311612,2.5768523
452,25,0.22,10,0.29,1.327897013,1.4971999
453,33,0.47,11,0.25,2.374447036,2.5159242
454,27,0.26,16,0.48,2.418942622,2.482413
455,9,0.54,26,0.89,8.967070336,8.624528
456,6,0.51,11,0.32,2.591880678,2.631869
457,22,0.43,23,0.75,6.575812339,6.5019026
458,24,0.52,13,0.62,3.725666015,3.5399048
459,12,0.24,30,0.71,4.74966312,4.786002
460,11,0.26,22,0.35,3.46882133,3.640687
461,28,0.38,11,0.52,2.16003975,2.2334955
462,21,0.55,17,0.36,4.476404872,4.312442
463,10,0.41,13,0.42,2.980401565,2.9428875
464,17,0.23,11,0.96,0.520322312,0.3821414
465,36,0.47,21,0.24,4.091277514,4.1195297
466,32,0.41,24,0.87,6.4056895,6.431782
467,15,0.42,28,0.46,7.369116348,7.402236
468,16,0.22,14,0.51,1.502294275,1.6219462
469,23,0.44,17,0.76,4.467953446,4.3501115
470,10,0.53,23,0.79,7.819720679,7.570804
471,36,0.56,26,0.75,8.812830486,9.101096
472,17,0.27,16,0.79,2.084111692,1.9366095
473,8,0.5,23,0.58,6.996090118,6.903832
474,9,0.52,9,0.48,2.337197001,2.300594
475,30,0.67,26,0.79,9.449367387,9.6898775
476,29,0.3,19,0.52,3.506385436,3.5020177
477,33,0.22,9,0.95,0.100754086,0.22290729
478,22,0.62,29,0.67,10.36297638,10.394162
479,35,0.5,9,0.46,2.261091357,2.265874
480,19,0.39,20,0.26,3.843248203,3.8986614
481,17,0.27,23,0.42,3.920167106,3.9816043
482,9,0.4,10,0.87,1.549779711,1.4489026
483,9,0.31,27,0.8,5.581267325,5.498043
484,30,0.46,9,0.67,1.944440713,1.925391
485,38,0.37,24,0.86,5.825566287,5.777803
486,10,0.69,11,0.31,2.782008596,2.7063427
487,6,0.36,14,0.62,2.81334252,2.7170208
488,22,0.64,15,0.45,4.507243504,4.2865844
489,33,0.38,28,0.9,7.160361494,7.197433
490,18,0.59,13,0.95,3.841202935,3.7216175
491,13,0.25,29,0.34,4.381897123,4.568837
492,13,0.41,22,0.32,4.848958569,4.7365026
493,7,0.5,18,0.29,4.144905539,3.8764067
494,25,0.26,23,0.73,3.664671203,3.5790784
495,33,0.39,20,0.69,4.929591118,4.8779807
496,10,0.67,11,0.56,3.392144778,3.2765236
497,25,0.58,29,0.88,10.09061765,10.240074
498,7,0.59,21,0.98,7.214825517,6.814265
499,37,0.51,22,0.91,6.976846681,6.954495
500,16,0.38,18,0.24,3.302285892,3.4731789
501,8,0.25,25,0.55,4.003464352,4.0508537
502,18,0.69,17,0.49,5.292693254,5.154367
503,20,0.26,27,0.66,4.556654925,4.6326494
504,24,0.4,11,0.94,1.787650883,1.6380558
505,18,0.69,11,0.77,3.512206491,3.4430213
506,7,0.69,27,0.85,9.795686351,9.337432
507,16,0.3,17,0.5,3.026691607,3.0878274
508,16,0.47,13,0.9,3.03754144,2.952936
509,6,0.52,22,0.74,7.211387889,6.741701
510,8,0.67,18,0.66,6.133245351,5.925323
511,26,0.21,24,0.61,3.060534052,3.0491264
512,31,0.45,17,0.42,4.260089997,4.185471
513,32,0.28,17,0.72,2.575489701,2.4716787
514,19,0.59,15,0.83,4.895035302,4.6542273
515,20,0.24,29,0.96,4.030606226,4.008081
516,30,0.25,10,0.79,0.644018678,0.5787091
517,17,0.21,19,0.45,2.356385267,2.5457747
518,18,0.35,13,0.88,2.0365063,1.8708203
519,31,0.28,18,0.93,2.371345038,2.2576241
520,37,0.32,14,0.35,2.649201198,2.6924348
521,38,0.43,25,0.57,6.946551483,7.061107
522,27,0.28,16,0.26,2.540126764,2.8669307
523,18,0.4,17,0.93,3.732971536,3.6470482
524,11,0.31,9,0.65,1.03803708,1.0315452
525,33,0.26,26,0.58,4.45192099,4.435096
526,29,0.58,14,0.7,4.439411534,4.1966066
527,31,0.61,13,0.92,3.95498846,3.8401654
528,35,0.29,12,0.63,1.414487786,1.5834596
529,34,0.36,24,0.39,5.134750545,5.1881294
530,34,0.54,15,0.54,4.486241435,4.260229
531,35,0.57,10,0.99,2.470926579,2.399929
532,19,0.53,9,0.96,1.894446526,1.8649964
533,38,0.39,21,0.62,5.370416775,5.224803
534,11,0.28,10,0.37,1.53679837,1.7251645
535,7,0.28,27,0.45,4.983039478,4.8616767
536,18,0.51,29,0.87,9.385885006,9.668931
537,35,0.63,24,0.62,8.287545537,8.404253
538,28,0.67,23,0.28,5.145181881,4.977042
539,13,0.65,18,0.84,6.378839623,6.225576
540,19,0.57,29,0.99,9.525832208,9.936142
541,15,0.26,22,0.25,3.078157025,3.496801
542,35,0.36,19,0.89,3.846210418,3.8757348
543,34,0.69,11,0.4,3.083471153,3.0127711
544,20,0.24,26,0.31,3.758291454,3.9201894
545,31,0.66,23,0.77,8.233385831,8.426807
546,26,0.49,23,0.53,6.782725672,6.846515
547,26,0.56,22,0.9,7.560935232,7.426837
548,23,0.28,21,0.46,3.684855972,3.7180998
549,17,0.25,26,0.83,3.941401899,3.8947399
550,17,0.21,17,0.34,2.070592892,2.482429
551,6,0.67,9,0.44,2.560257364,2.5375447
552,26,0.5,25,0.75,8.07079299,8.149332
553,12,0.64,11,0.44,3.196176974,3.061833
554,26,0.3,23,0.91,4.019489497,4.002975
555,25,0.21,22,0.57,2.756821748,2.772088
556,12,0.24,26,0.5,4.018698679,4.1249022
557,15,0.57,10,0.86,2.711149901,2.5608013
558,24,0.43,26,0.76,7.689823192,7.596024
559,35,0.56,17,0.56,5.171735332,5.118073
560,38,0.39,14,0.34,2.91618407,3.010359
561,19,0.63,18,0.47,5.512339536,5.3755126
562,36,0.55,25,0.54,8.039638843,8.057646
563,13,0.52,18,0.65,5.69512955,5.4442782
564,29,0.26,27,0.22,3.716072502,3.879371
565,32,0.49,25,0.28,5.406004512,5.3169627
566,6,0.32,15,0.75,2.49899748,2.359559
567,15,0.63,28,0.53,9.244147527,9.303381
568,31,0.58,23,0.85,8.176392741,8.033508
569,27,0.48,23,0.45,6.436316723,6.362063
570,16,0.45,22,0.3,4.873238778,4.798833
571,28,0.48,15,0.8,4.057393002,3.923047
572,6,0.64,20,0.27,4.392852879,3.984977
573,38,0.43,12,0.84,2.521935406,2.402001
574,13,0.57,15,0.58,4.724350504,4.454054
575,30,0.27,21,0.38,3.47613696,3.559471
576,38,0.33,18,0.32,3.310655511,3.4350162
577,15,0.29,28,0.31,4.621673114,4.7864256
578,22,0.31,14,0.84,1.971302484,1.8144705
579,15,0.25,18,0.97,1.825431961,1.6881628
580,32,0.64,15,0.46,4.550953759,4.317782
581,25,0.68,27,0.55,9.006064608,9.163406
582,35,0.43,28,0.66,8.201750464,8.256213
583,10,0.43,26,0.98,7.154780521,7.1532826
584,38,0.29,10,0.32,1.614256663,1.8188864
,,,,,12.3036729,
